{"entities":{"pages":{"welcome":{"id":"welcome","title":"NetRunner: Java Mastery Guide","url":"welcome.html","level":0,"tabIndex":0},"getting-started":{"id":"getting-started","title":"Iniciando no NetRunner","url":"getting-started.html","level":0,"pages":["about","prerequisites","learning-path","development-environment"],"tabIndex":1},"about":{"id":"about","title":"Sobre o Projeto NetRunner","url":"about.html","level":1,"parentId":"getting-started","tabIndex":0},"prerequisites":{"id":"prerequisites","title":"Pré-requisitos do NetRunner","url":"prerequisites.html","level":1,"parentId":"getting-started","tabIndex":1},"learning-path":{"id":"learning-path","title":"Caminho de Aprendizado","url":"learning-path.html","level":1,"parentId":"getting-started","tabIndex":2},"development-environment":{"id":"development-environment","title":"Ambiente de Desenvolvimento","url":"development-environment.html","level":1,"parentId":"getting-started","pages":["os-setup","tools-overview"],"tabIndex":3},"os-setup":{"id":"os-setup","title":"Configuração do Sistema Operacional","url":"os-setup.html","level":2,"parentId":"development-environment","tabIndex":0},"tools-overview":{"id":"tools-overview","title":"Visão Geral das Ferramentas","url":"tools-overview.html","level":2,"parentId":"development-environment","tabIndex":1},"setup":{"id":"setup","title":"Setup do Ambiente de Desenvolvimento","url":"setup.html","level":0,"pages":["jdk-installation","ide-setup","git-basics","terminal-essentials","docker-basics","cloud-setup"],"tabIndex":2},"jdk-installation":{"id":"jdk-installation","title":"Instalação do JDK","url":"jdk-installation.html","level":1,"parentId":"setup","tabIndex":0},"ide-setup":{"id":"ide-setup","title":"Configuração da IDE","url":"ide-setup.html","level":1,"parentId":"setup","tabIndex":1},"git-basics":{"id":"git-basics","title":"Git Básico","url":"git-basics.html","level":1,"parentId":"setup","tabIndex":2},"terminal-essentials":{"id":"terminal-essentials","title":"Essenciais do Terminal","url":"terminal-essentials.html","level":1,"parentId":"setup","tabIndex":3},"docker-basics":{"id":"docker-basics","title":"Docker Básico","url":"docker-basics.html","level":1,"parentId":"setup","tabIndex":4},"cloud-setup":{"id":"cloud-setup","title":"Setup Cloud","url":"cloud-setup.html","level":1,"parentId":"setup","tabIndex":5},"java-basics":{"id":"java-basics","title":"Fundamentos Java","url":"java-basics.html","level":0,"pages":["syntax","variables","operators","i18n","date-formatting","number-formatting","strings","basic-projects"],"tabIndex":3},"syntax":{"id":"syntax","title":"Sintaxe Java","url":"syntax.html","level":1,"parentId":"java-basics","tabIndex":0},"variables":{"id":"variables","title":"Variáveis em Java","url":"variables.html","level":1,"parentId":"java-basics","pages":["primitive-types","reference-types","type-casting","var-keyword"],"tabIndex":1},"primitive-types":{"id":"primitive-types","title":"Tipos Primitivos","url":"primitive-types.html","level":2,"parentId":"variables","tabIndex":0},"reference-types":{"id":"reference-types","title":"Tipos de Referência","url":"reference-types.html","level":2,"parentId":"variables","tabIndex":1},"type-casting":{"id":"type-casting","title":"Type Casting em Java","url":"type-casting.html","level":2,"parentId":"variables","tabIndex":2},"var-keyword":{"id":"var-keyword","title":"Palavra-chave var","url":"var-keyword.html","level":2,"parentId":"variables","tabIndex":3},"operators":{"id":"operators","title":"Operadores em Java","url":"operators.html","level":1,"parentId":"java-basics","pages":["arithmetic","logical","bitwise"],"tabIndex":2},"arithmetic":{"id":"arithmetic","title":"Operadores Aritméticos","url":"arithmetic.html","level":2,"parentId":"operators","tabIndex":0},"logical":{"id":"logical","title":"Operadores Lógicos","url":"logical.html","level":2,"parentId":"operators","tabIndex":1},"bitwise":{"id":"bitwise","title":"Operadores Bit a Bit","url":"bitwise.html","level":2,"parentId":"operators","tabIndex":2},"i18n":{"id":"i18n","title":"Internacionalização (i18n)","url":"i18n.html","level":1,"parentId":"java-basics","tabIndex":3},"date-formatting":{"id":"date-formatting","title":"Formatação de Datas","url":"date-formatting.html","level":1,"parentId":"java-basics","tabIndex":4},"number-formatting":{"id":"number-formatting","title":"Formatação de Números","url":"number-formatting.html","level":1,"parentId":"java-basics","tabIndex":5},"strings":{"id":"strings","title":"Strings em Java","url":"strings.html","level":1,"parentId":"java-basics","pages":["string-methods","string-builder","string-formatting"],"tabIndex":6},"string-methods":{"id":"string-methods","title":"Métodos de String","url":"string-methods.html","level":2,"parentId":"strings","tabIndex":0},"string-builder":{"id":"string-builder","title":"StringBuilder","url":"string-builder.html","level":2,"parentId":"strings","tabIndex":1},"string-formatting":{"id":"string-formatting","title":"Formatação de Strings","url":"string-formatting.html","level":2,"parentId":"strings","tabIndex":2},"basic-projects":{"id":"basic-projects","title":"Projetos Básicos","url":"basic-projects.html","level":1,"parentId":"java-basics","pages":["calculator","temperature-converter","string-manipulator"],"tabIndex":7},"calculator":{"id":"calculator","title":"Calculadora Básica","url":"calculator.html","level":2,"parentId":"basic-projects","tabIndex":0},"temperature-converter":{"id":"temperature-converter","title":"Conversor de Temperatura","url":"temperature-converter.html","level":2,"parentId":"basic-projects","tabIndex":1},"string-manipulator":{"id":"string-manipulator","title":"Manipulador de Strings","url":"string-manipulator.html","level":2,"parentId":"basic-projects","tabIndex":2},"control-flow":{"id":"control-flow","title":"Controle de Fluxo","url":"control-flow.html","level":0,"pages":["conditionals","loops","switch-expressions","pattern-matching","control-flow-projects"],"tabIndex":4},"conditionals":{"id":"conditionals","title":"Estruturas Condicionais","url":"conditionals.html","level":1,"parentId":"control-flow","tabIndex":0},"loops":{"id":"loops","title":"Estruturas de Repetição","url":"loops.html","level":1,"parentId":"control-flow","tabIndex":1},"switch-expressions":{"id":"switch-expressions","title":"Switch Expressions","url":"switch-expressions.html","level":1,"parentId":"control-flow","tabIndex":2},"pattern-matching":{"id":"pattern-matching","title":"Pattern Matching","url":"pattern-matching.html","level":1,"parentId":"control-flow","tabIndex":3},"control-flow-projects":{"id":"control-flow-projects","title":"Projetos de Controle de Fluxo","url":"control-flow-projects.html","level":1,"parentId":"control-flow","pages":["number-game","menu-system","state-machine"],"tabIndex":4},"number-game":{"id":"number-game","title":"Jogo de Números","url":"number-game.html","level":2,"parentId":"control-flow-projects","tabIndex":0},"menu-system":{"id":"menu-system","title":"Sistema de Menu","url":"menu-system.html","level":2,"parentId":"control-flow-projects","tabIndex":1},"state-machine":{"id":"state-machine","title":"Máquina de Estados","url":"state-machine.html","level":2,"parentId":"control-flow-projects","tabIndex":2},"arrays-collections":{"id":"arrays-collections","title":"Arrays e Coleções","url":"arrays-collections.html","level":0,"pages":["arrays","collections-overview","lists","sets","maps","queues","stacks","collections-projects"],"tabIndex":5},"arrays":{"id":"arrays","title":"Arrays em Java","url":"arrays.html","level":1,"parentId":"arrays-collections","tabIndex":0},"collections-overview":{"id":"collections-overview","title":"Collections Framework: O Submundo das Estruturas de Dados","url":"collections-overview.html","level":1,"parentId":"arrays-collections","tabIndex":1},"lists":{"id":"lists","title":"Lists: A Playlist do Baile Funk","url":"lists.html","level":1,"parentId":"arrays-collections","tabIndex":2},"sets":{"id":"sets","title":"Sets: O Clube dos Únicos","url":"sets.html","level":1,"parentId":"arrays-collections","tabIndex":3},"maps":{"id":"maps","title":"Maps: O Guarda-Volumes da Matrix","url":"maps.html","level":1,"parentId":"arrays-collections","tabIndex":4},"queues":{"id":"queues","title":"Queues: A Fila do Banco Digital","url":"queues.html","level":1,"parentId":"arrays-collections","tabIndex":5},"stacks":{"id":"stacks","title":"Stacks: A Pilha de Downloads","url":"stacks.html","level":1,"parentId":"arrays-collections","tabIndex":6},"collections-projects":{"id":"collections-projects","title":"Projetos Práticos: Collections em Ação","url":"collections-projects.html","level":1,"parentId":"arrays-collections","pages":["task-manager","inventory-system","cache-implementation"],"tabIndex":7},"task-manager":{"id":"task-manager","title":"Task Manager: Gerenciador de Tarefas Digital","url":"task-manager.html","level":2,"parentId":"collections-projects","tabIndex":0},"inventory-system":{"id":"inventory-system","title":"Sistema de Inventário (Arsenal)","url":"inventory-system.html","level":2,"parentId":"collections-projects","tabIndex":1},"cache-implementation":{"id":"cache-implementation","title":"Implementação de Cache","url":"cache-implementation.html","level":2,"parentId":"collections-projects","tabIndex":2},"oop-fundamentals":{"id":"oop-fundamentals","title":"Fundamentos da Programação Orientada a Objetos","url":"oop-fundamentals.html","level":0,"pages":["classes-objects","encapsulation","inheritance","polymorphism","interfaces-abstract","records","sealed-classes","oop-projects"],"tabIndex":6},"classes-objects":{"id":"classes-objects","title":"Classes e Objetos","url":"classes-objects.html","level":1,"parentId":"oop-fundamentals","tabIndex":0},"encapsulation":{"id":"encapsulation","title":"Encapsulamento","url":"encapsulation.html","level":1,"parentId":"oop-fundamentals","tabIndex":1},"inheritance":{"id":"inheritance","title":"Herança","url":"inheritance.html","level":1,"parentId":"oop-fundamentals","tabIndex":2},"polymorphism":{"id":"polymorphism","title":"Polimorfismo","url":"polymorphism.html","level":1,"parentId":"oop-fundamentals","tabIndex":3},"interfaces-abstract":{"id":"interfaces-abstract","title":"Interfaces e Classes Abstratas","url":"interfaces-abstract.html","level":1,"parentId":"oop-fundamentals","tabIndex":4},"records":{"id":"records","title":"Records","url":"records.html","level":1,"parentId":"oop-fundamentals","tabIndex":5},"sealed-classes":{"id":"sealed-classes","title":"Sealed Classes","url":"sealed-classes.html","level":1,"parentId":"oop-fundamentals","tabIndex":6},"oop-projects":{"id":"oop-projects","title":"Projetos OOP","url":"oop-projects.html","level":1,"parentId":"oop-fundamentals","pages":["banking-system","shape-hierarchy","plugin-system"],"tabIndex":7},"banking-system":{"id":"banking-system","title":"Sistema Bancário Digital","url":"banking-system.html","level":2,"parentId":"oop-projects","tabIndex":0},"shape-hierarchy":{"id":"shape-hierarchy","title":"Hierarquia de Formas Geométricas","url":"shape-hierarchy.html","level":2,"parentId":"oop-projects","tabIndex":1},"plugin-system":{"id":"plugin-system","title":"Sistema de Plugins","url":"plugin-system.html","level":2,"parentId":"oop-projects","tabIndex":2},"error-handling":{"id":"error-handling","title":"Tratamento de Erros em Java","url":"error-handling.html","level":0,"pages":["exceptions","try-catch","custom-exceptions","try-with-resources","error-projects"],"tabIndex":7},"exceptions":{"id":"exceptions","title":"Exceções em Java","url":"exceptions.html","level":1,"parentId":"error-handling","tabIndex":0},"try-catch":{"id":"try-catch","title":"Try-Catch e Finally em Java","url":"try-catch.html","level":1,"parentId":"error-handling","tabIndex":1},"custom-exceptions":{"id":"custom-exceptions","title":"Exceções Personalizadas em Java","url":"custom-exceptions.html","level":1,"parentId":"error-handling","tabIndex":2},"try-with-resources":{"id":"try-with-resources","title":"Try-with-Resources em Java","url":"try-with-resources.html","level":1,"parentId":"error-handling","tabIndex":3},"error-projects":{"id":"error-projects","title":"Projetos de Tratamento de Erros","url":"error-projects.html","level":1,"parentId":"error-handling","pages":["validation-system","error-logger","circuit-breaker"],"tabIndex":4},"validation-system":{"id":"validation-system","title":"Sistema de Validação","url":"validation-system.html","level":2,"parentId":"error-projects","tabIndex":0},"error-logger":{"id":"error-logger","title":"Logger de Erros","url":"error-logger.html","level":2,"parentId":"error-projects","tabIndex":1},"circuit-breaker":{"id":"circuit-breaker","title":"Circuit Breaker","url":"circuit-breaker.html","level":2,"parentId":"error-projects","tabIndex":2},"advanced-features":{"id":"advanced-features","title":"Recursos Avançados do Java","url":"advanced-features.html","level":0,"pages":["generics","lambda","streams","optional","modules","reflection","annotations","advanced-projects"],"tabIndex":8},"generics":{"id":"generics","title":"Generics: Flexibilidade com Tipo Seguro","url":"generics.html","level":1,"parentId":"advanced-features","tabIndex":0},"lambda":{"id":"lambda","title":"Expressões Lambda: Programação Funcional em Java","url":"lambda.html","level":1,"parentId":"advanced-features","tabIndex":1},"streams":{"id":"streams","title":"Streams API: Processamento de Dados Fluente","url":"streams.html","level":1,"parentId":"advanced-features","tabIndex":2},"optional":{"id":"optional","title":"Optional: Tratamento Elegante de Null","url":"optional.html","level":1,"parentId":"advanced-features","tabIndex":3},"modules":{"id":"modules","title":"Sistema de Módulos Java","url":"modules.html","level":1,"parentId":"advanced-features","tabIndex":4},"reflection":{"id":"reflection","title":"Reflection API","url":"reflection.html","level":1,"parentId":"advanced-features","tabIndex":5},"annotations":{"id":"annotations","title":"Anotações em Java","url":"annotations.html","level":1,"parentId":"advanced-features","tabIndex":6},"advanced-projects":{"id":"advanced-projects","title":"Projetos Avançados","url":"advanced-projects.html","level":1,"parentId":"advanced-features","pages":["data-processor","functional-calculator","custom-framework","annotation-processor","generic-container","reflection-explorer"],"tabIndex":7},"data-processor":{"id":"data-processor","title":"Data Processor","url":"data-processor.html","level":2,"parentId":"advanced-projects","tabIndex":0},"functional-calculator":{"id":"functional-calculator","title":"Calculadora Funcional","url":"functional-calculator.html","level":2,"parentId":"advanced-projects","tabIndex":1},"custom-framework":{"id":"custom-framework","title":"Framework de Injeção de Dependências Customizado","url":"custom-framework.html","level":2,"parentId":"advanced-projects","tabIndex":2},"annotation-processor":{"id":"annotation-processor","title":"Annotation Processor","url":"annotation-processor.html","level":2,"parentId":"advanced-projects","tabIndex":3},"generic-container":{"id":"generic-container","title":"Generic Container","url":"generic-container.html","level":2,"parentId":"advanced-projects","tabIndex":4},"reflection-explorer":{"id":"reflection-explorer","title":"Reflection Explorer","url":"reflection-explorer.html","level":2,"parentId":"advanced-projects","tabIndex":5},"creational-patterns":{"id":"creational-patterns","title":"Padrões Criacionais","url":"creational-patterns.html","level":0,"pages":["singleton","factory","builder","prototype","abstract-factory","creational-projects"],"tabIndex":9},"singleton":{"id":"singleton","title":"Singleton Pattern","url":"singleton.html","level":1,"parentId":"creational-patterns","tabIndex":0},"factory":{"id":"factory","title":"Factory Method Pattern","url":"factory.html","level":1,"parentId":"creational-patterns","tabIndex":1},"builder":{"id":"builder","title":"Builder Pattern","url":"builder.html","level":1,"parentId":"creational-patterns","tabIndex":2},"prototype":{"id":"prototype","title":"Prototype Pattern","url":"prototype.html","level":1,"parentId":"creational-patterns","tabIndex":3},"abstract-factory":{"id":"abstract-factory","title":"Abstract Factory Pattern","url":"abstract-factory.html","level":1,"parentId":"creational-patterns","tabIndex":4},"creational-projects":{"id":"creational-projects","title":"Projetos de Padrões Criacionais","url":"creational-projects.html","level":1,"parentId":"creational-patterns","pages":["database-connection-pool","document-generator","vehicle-factory"],"tabIndex":5},"database-connection-pool":{"id":"database-connection-pool","title":"Database Connection Pool","url":"database-connection-pool.html","level":2,"parentId":"creational-projects","tabIndex":0},"document-generator":{"id":"document-generator","title":"Document Generator Pattern","url":"document-generator.html","level":2,"parentId":"creational-projects","tabIndex":1},"vehicle-factory":{"id":"vehicle-factory","title":"Vehicle Factory Pattern","url":"vehicle-factory.html","level":2,"parentId":"creational-projects","tabIndex":2},"resources":{"id":"resources","title":"Recursos de Aprendizado Java","url":"resources.html","level":0,"pages":["official-docs","books","online-courses","community","tools","cheat-sheets","glossary"],"tabIndex":10},"official-docs":{"id":"official-docs","title":"Documentação Oficial","url":"official-docs.html","level":1,"parentId":"resources","tabIndex":0},"books":{"id":"books","title":"Livros Recomendados","url":"books.html","level":1,"parentId":"resources","tabIndex":1},"online-courses":{"id":"online-courses","title":"Cursos Online","url":"online-courses.html","level":1,"parentId":"resources","tabIndex":2},"community":{"id":"community","title":"Comunidade Java","url":"community.html","level":1,"parentId":"resources","tabIndex":3},"tools":{"id":"tools","title":"Ferramentas Java","url":"tools.html","level":1,"parentId":"resources","tabIndex":4},"cheat-sheets":{"id":"cheat-sheets","title":"Cheat Sheets","url":"cheat-sheets.html","level":1,"parentId":"resources","tabIndex":5},"glossary":{"id":"glossary","title":"Glossário Java","url":"glossary.html","level":1,"parentId":"resources","tabIndex":6},"boolean-expressions":{"id":"boolean-expressions","title":"Expressões Booleanas","url":"boolean-expressions.html","level":0,"tabIndex":11},"string-buffer":{"id":"string-buffer","title":"StringBuffer","url":"string-buffer.html","level":0,"tabIndex":12},"regex":{"id":"regex","title":"Expressões Regulares","url":"regex.html","level":0,"tabIndex":13}}},"topLevelIds":["welcome","getting-started","setup","java-basics","control-flow","arrays-collections","oop-fundamentals","error-handling","advanced-features","creational-patterns","resources","boolean-expressions","string-buffer","regex"]}