{"entities":{"pages":{"welcome":{"id":"welcome","title":"NetRunner: Java Mastery Guide","url":"welcome.html","level":0,"tabIndex":0},"getting-started":{"id":"getting-started","title":"Iniciando no NetRunner","url":"getting-started.html","level":0,"pages":["about","prerequisites","learning-path","development-environment"],"tabIndex":1},"about":{"id":"about","title":"Sobre o Projeto NetRunner","url":"about.html","level":1,"parentId":"getting-started","tabIndex":0},"prerequisites":{"id":"prerequisites","title":"Pré-requisitos do NetRunner","url":"prerequisites.html","level":1,"parentId":"getting-started","tabIndex":1},"learning-path":{"id":"learning-path","title":"Caminho de Aprendizado","url":"learning-path.html","level":1,"parentId":"getting-started","tabIndex":2},"development-environment":{"id":"development-environment","title":"Ambiente de Desenvolvimento","url":"development-environment.html","level":1,"parentId":"getting-started","pages":["os-setup","tools-overview"],"tabIndex":3},"os-setup":{"id":"os-setup","title":"Configuração do Sistema Operacional","url":"os-setup.html","level":2,"parentId":"development-environment","tabIndex":0},"tools-overview":{"id":"tools-overview","title":"Visão Geral das Ferramentas","url":"tools-overview.html","level":2,"parentId":"development-environment","tabIndex":1},"setup":{"id":"setup","title":"Setup do Ambiente de Desenvolvimento","url":"setup.html","level":0,"pages":["jdk-installation","ide-setup","git-basics","terminal-essentials","docker-basics","cloud-setup"],"tabIndex":2},"jdk-installation":{"id":"jdk-installation","title":"Instalação do JDK","url":"jdk-installation.html","level":1,"parentId":"setup","tabIndex":0},"ide-setup":{"id":"ide-setup","title":"Configuração da IDE","url":"ide-setup.html","level":1,"parentId":"setup","tabIndex":1},"git-basics":{"id":"git-basics","title":"Git Básico","url":"git-basics.html","level":1,"parentId":"setup","tabIndex":2},"terminal-essentials":{"id":"terminal-essentials","title":"Essenciais do Terminal","url":"terminal-essentials.html","level":1,"parentId":"setup","tabIndex":3},"docker-basics":{"id":"docker-basics","title":"Docker Básico","url":"docker-basics.html","level":1,"parentId":"setup","tabIndex":4},"cloud-setup":{"id":"cloud-setup","title":"Setup Cloud","url":"cloud-setup.html","level":1,"parentId":"setup","tabIndex":5},"java-basics":{"id":"java-basics","title":"Fundamentos Java","url":"java-basics.html","level":0,"pages":["syntax","variables","operators","strings","basic-projects"],"tabIndex":3},"syntax":{"id":"syntax","title":"Sintaxe Java","url":"syntax.html","level":1,"parentId":"java-basics","tabIndex":0},"variables":{"id":"variables","title":"Variáveis em Java","url":"variables.html","level":1,"parentId":"java-basics","pages":["primitive-types","reference-types","type-casting","var-keyword"],"tabIndex":1},"primitive-types":{"id":"primitive-types","title":"Tipos Primitivos","url":"primitive-types.html","level":2,"parentId":"variables","tabIndex":0},"reference-types":{"id":"reference-types","title":"Tipos de Referência","url":"reference-types.html","level":2,"parentId":"variables","tabIndex":1},"type-casting":{"id":"type-casting","title":"Type Casting em Java","url":"type-casting.html","level":2,"parentId":"variables","tabIndex":2},"var-keyword":{"id":"var-keyword","title":"Palavra-chave var","url":"var-keyword.html","level":2,"parentId":"variables","tabIndex":3},"operators":{"id":"operators","title":"Operadores em Java","url":"operators.html","level":1,"parentId":"java-basics","pages":["arithmetic","logical","bitwise"],"tabIndex":2},"arithmetic":{"id":"arithmetic","title":"Operadores Aritméticos","url":"arithmetic.html","level":2,"parentId":"operators","tabIndex":0},"logical":{"id":"logical","title":"Operadores Lógicos","url":"logical.html","level":2,"parentId":"operators","tabIndex":1},"bitwise":{"id":"bitwise","title":"Operadores Bit a Bit","url":"bitwise.html","level":2,"parentId":"operators","tabIndex":2},"strings":{"id":"strings","title":"Strings em Java","url":"strings.html","level":1,"parentId":"java-basics","pages":["string-methods","string-builder","string-formatting"],"tabIndex":3},"string-methods":{"id":"string-methods","title":"Métodos de String","url":"string-methods.html","level":2,"parentId":"strings","tabIndex":0},"string-builder":{"id":"string-builder","title":"StringBuilder","url":"string-builder.html","level":2,"parentId":"strings","tabIndex":1},"string-formatting":{"id":"string-formatting","title":"Formatação de Strings","url":"string-formatting.html","level":2,"parentId":"strings","tabIndex":2},"basic-projects":{"id":"basic-projects","title":"Projetos Básicos","url":"basic-projects.html","level":1,"parentId":"java-basics","pages":["calculator","temperature-converter","string-manipulator"],"tabIndex":4},"calculator":{"id":"calculator","title":"Calculadora Básica","url":"calculator.html","level":2,"parentId":"basic-projects","tabIndex":0},"temperature-converter":{"id":"temperature-converter","title":"Conversor de Temperatura","url":"temperature-converter.html","level":2,"parentId":"basic-projects","tabIndex":1},"string-manipulator":{"id":"string-manipulator","title":"Manipulador de Strings","url":"string-manipulator.html","level":2,"parentId":"basic-projects","tabIndex":2},"control-flow":{"id":"control-flow","title":"Controle de Fluxo","url":"control-flow.html","level":0,"pages":["conditionals","loops","switch-expressions","pattern-matching","control-flow-projects"],"tabIndex":4},"conditionals":{"id":"conditionals","title":"Estruturas Condicionais","url":"conditionals.html","level":1,"parentId":"control-flow","tabIndex":0},"loops":{"id":"loops","title":"Estruturas de Repetição","url":"loops.html","level":1,"parentId":"control-flow","tabIndex":1},"switch-expressions":{"id":"switch-expressions","title":"Switch Expressions","url":"switch-expressions.html","level":1,"parentId":"control-flow","tabIndex":2},"pattern-matching":{"id":"pattern-matching","title":"Pattern Matching","url":"pattern-matching.html","level":1,"parentId":"control-flow","tabIndex":3},"control-flow-projects":{"id":"control-flow-projects","title":"Projetos de Controle de Fluxo","url":"control-flow-projects.html","level":1,"parentId":"control-flow","pages":["number-game","menu-system","state-machine"],"tabIndex":4},"number-game":{"id":"number-game","title":"Jogo de Números","url":"number-game.html","level":2,"parentId":"control-flow-projects","tabIndex":0},"menu-system":{"id":"menu-system","title":"Sistema de Menu","url":"menu-system.html","level":2,"parentId":"control-flow-projects","tabIndex":1},"state-machine":{"id":"state-machine","title":"Máquina de Estados","url":"state-machine.html","level":2,"parentId":"control-flow-projects","tabIndex":2},"arrays-collections":{"id":"arrays-collections","title":"Arrays e Coleções","url":"arrays-collections.html","level":0,"pages":["arrays","collections-overview","lists","sets","maps","queues","stacks","collections-projects"],"tabIndex":5},"arrays":{"id":"arrays","title":"Arrays em Java","url":"arrays.html","level":1,"parentId":"arrays-collections","tabIndex":0},"collections-overview":{"id":"collections-overview","title":"Collections Framework: O Submundo das Estruturas de Dados","url":"collections-overview.html","level":1,"parentId":"arrays-collections","tabIndex":1},"lists":{"id":"lists","title":"Lists: A Playlist do Baile Funk","url":"lists.html","level":1,"parentId":"arrays-collections","tabIndex":2},"sets":{"id":"sets","title":"Sets: O Clube dos Únicos","url":"sets.html","level":1,"parentId":"arrays-collections","tabIndex":3},"maps":{"id":"maps","title":"Maps: O Guarda-Volumes da Matrix","url":"maps.html","level":1,"parentId":"arrays-collections","tabIndex":4},"queues":{"id":"queues","title":"Queues: A Fila do Banco Digital","url":"queues.html","level":1,"parentId":"arrays-collections","tabIndex":5},"stacks":{"id":"stacks","title":"Stacks: A Pilha de Downloads","url":"stacks.html","level":1,"parentId":"arrays-collections","tabIndex":6},"collections-projects":{"id":"collections-projects","title":"Projetos Práticos: Collections em Ação","url":"collections-projects.html","level":1,"parentId":"arrays-collections","pages":["task-manager","inventory-system","cache-implementation"],"tabIndex":7},"task-manager":{"id":"task-manager","title":"Task Manager: Gerenciador de Tarefas Digital","url":"task-manager.html","level":2,"parentId":"collections-projects","tabIndex":0},"inventory-system":{"id":"inventory-system","title":"Sistema de Inventário (Arsenal)","url":"inventory-system.html","level":2,"parentId":"collections-projects","tabIndex":1},"cache-implementation":{"id":"cache-implementation","title":"Implementação de Cache","url":"cache-implementation.html","level":2,"parentId":"collections-projects","tabIndex":2},"oop-fundamentals":{"id":"oop-fundamentals","title":"Fundamentos da Programação Orientada a Objetos","url":"oop-fundamentals.html","level":0,"pages":["classes-objects","encapsulation","inheritance","polymorphism","interfaces-abstract","records","sealed-classes","oop-projects"],"tabIndex":6},"classes-objects":{"id":"classes-objects","title":"Classes e Objetos","url":"classes-objects.html","level":1,"parentId":"oop-fundamentals","tabIndex":0},"encapsulation":{"id":"encapsulation","title":"Encapsulamento","url":"encapsulation.html","level":1,"parentId":"oop-fundamentals","tabIndex":1},"inheritance":{"id":"inheritance","title":"Herança","url":"inheritance.html","level":1,"parentId":"oop-fundamentals","tabIndex":2},"polymorphism":{"id":"polymorphism","title":"Polimorfismo","url":"polymorphism.html","level":1,"parentId":"oop-fundamentals","tabIndex":3},"interfaces-abstract":{"id":"interfaces-abstract","title":"Interfaces e Classes Abstratas","url":"interfaces-abstract.html","level":1,"parentId":"oop-fundamentals","tabIndex":4},"records":{"id":"records","level":1,"parentId":"oop-fundamentals","tabIndex":5},"sealed-classes":{"id":"sealed-classes","level":1,"parentId":"oop-fundamentals","tabIndex":6},"oop-projects":{"id":"oop-projects","level":1,"parentId":"oop-fundamentals","pages":["banking-system","shape-hierarchy","plugin-system"],"tabIndex":7},"banking-system":{"id":"banking-system","level":2,"parentId":"oop-projects","tabIndex":0},"shape-hierarchy":{"id":"shape-hierarchy","level":2,"parentId":"oop-projects","tabIndex":1},"plugin-system":{"id":"plugin-system","level":2,"parentId":"oop-projects","tabIndex":2},"error-handling":{"id":"error-handling","level":0,"pages":["exceptions","try-catch","custom-exceptions","try-with-resources","error-projects"],"tabIndex":7},"exceptions":{"id":"exceptions","level":1,"parentId":"error-handling","tabIndex":0},"try-catch":{"id":"try-catch","level":1,"parentId":"error-handling","tabIndex":1},"custom-exceptions":{"id":"custom-exceptions","level":1,"parentId":"error-handling","tabIndex":2},"try-with-resources":{"id":"try-with-resources","level":1,"parentId":"error-handling","tabIndex":3},"error-projects":{"id":"error-projects","level":1,"parentId":"error-handling","pages":["validation-system","error-logger","circuit-breaker"],"tabIndex":4},"validation-system":{"id":"validation-system","level":2,"parentId":"error-projects","tabIndex":0},"error-logger":{"id":"error-logger","level":2,"parentId":"error-projects","tabIndex":1},"circuit-breaker":{"id":"circuit-breaker","level":2,"parentId":"error-projects","tabIndex":2},"resources":{"id":"resources","level":0,"pages":["official-docs","books","online-courses","community","tools","cheat-sheets","glossary"],"tabIndex":8},"official-docs":{"id":"official-docs","level":1,"parentId":"resources","tabIndex":0},"books":{"id":"books","level":1,"parentId":"resources","tabIndex":1},"online-courses":{"id":"online-courses","level":1,"parentId":"resources","tabIndex":2},"community":{"id":"community","level":1,"parentId":"resources","tabIndex":3},"tools":{"id":"tools","level":1,"parentId":"resources","tabIndex":4},"cheat-sheets":{"id":"cheat-sheets","level":1,"parentId":"resources","tabIndex":5},"glossary":{"id":"glossary","level":1,"parentId":"resources","tabIndex":6}}},"topLevelIds":["welcome","getting-started","setup","java-basics","control-flow","arrays-collections","oop-fundamentals","error-handling","resources"]}