{"entities":{"pages":{"welcome":{"id":"welcome","title":"NetRunner: Java Mastery Guide","url":"welcome.html","level":0,"tabIndex":0},"getting-started":{"id":"getting-started","title":"Iniciando no NetRunner","url":"getting-started.html","level":0,"pages":["about","prerequisites","learning-path","development-environment"],"tabIndex":1},"about":{"id":"about","title":"Sobre o Projeto NetRunner","url":"about.html","level":1,"parentId":"getting-started","tabIndex":0},"prerequisites":{"id":"prerequisites","title":"Pré-requisitos do NetRunner","url":"prerequisites.html","level":1,"parentId":"getting-started","tabIndex":1},"learning-path":{"id":"learning-path","title":"Caminho de Aprendizado","url":"learning-path.html","level":1,"parentId":"getting-started","tabIndex":2},"development-environment":{"id":"development-environment","title":"Ambiente de Desenvolvimento","url":"development-environment.html","level":1,"parentId":"getting-started","pages":["os-setup","tools-overview"],"tabIndex":3},"os-setup":{"id":"os-setup","title":"Configuração do Sistema Operacional","url":"os-setup.html","level":2,"parentId":"development-environment","tabIndex":0},"tools-overview":{"id":"tools-overview","title":"Visão Geral das Ferramentas","url":"tools-overview.html","level":2,"parentId":"development-environment","tabIndex":1},"setup":{"id":"setup","title":"Setup do Ambiente de Desenvolvimento","url":"setup.html","level":0,"pages":["jdk-installation","ide-setup","git-basics","terminal-essentials","docker-basics","cloud-setup"],"tabIndex":2},"jdk-installation":{"id":"jdk-installation","title":"Instalação do JDK","url":"jdk-installation.html","level":1,"parentId":"setup","tabIndex":0},"ide-setup":{"id":"ide-setup","title":"Configuração da IDE","url":"ide-setup.html","level":1,"parentId":"setup","tabIndex":1},"git-basics":{"id":"git-basics","title":"Git Básico","url":"git-basics.html","level":1,"parentId":"setup","tabIndex":2},"terminal-essentials":{"id":"terminal-essentials","level":1,"parentId":"setup","tabIndex":3},"docker-basics":{"id":"docker-basics","title":"Docker Básico","url":"docker-basics.html","level":1,"parentId":"setup","tabIndex":4},"cloud-setup":{"id":"cloud-setup","title":"Setup Cloud","url":"cloud-setup.html","level":1,"parentId":"setup","tabIndex":5},"java-basics":{"id":"java-basics","level":0,"pages":["syntax","variables","operators","strings","basic-projects"],"tabIndex":3},"syntax":{"id":"syntax","level":1,"parentId":"java-basics","tabIndex":0},"variables":{"id":"variables","level":1,"parentId":"java-basics","pages":["primitive-types","reference-types","type-casting","var-keyword"],"tabIndex":1},"primitive-types":{"id":"primitive-types","level":2,"parentId":"variables","tabIndex":0},"reference-types":{"id":"reference-types","level":2,"parentId":"variables","tabIndex":1},"type-casting":{"id":"type-casting","level":2,"parentId":"variables","tabIndex":2},"var-keyword":{"id":"var-keyword","level":2,"parentId":"variables","tabIndex":3},"operators":{"id":"operators","level":1,"parentId":"java-basics","pages":["arithmetic","logical","bitwise"],"tabIndex":2},"arithmetic":{"id":"arithmetic","level":2,"parentId":"operators","tabIndex":0},"logical":{"id":"logical","level":2,"parentId":"operators","tabIndex":1},"bitwise":{"id":"bitwise","level":2,"parentId":"operators","tabIndex":2},"strings":{"id":"strings","level":1,"parentId":"java-basics","pages":["string-methods","string-builder","string-formatting"],"tabIndex":3},"string-methods":{"id":"string-methods","level":2,"parentId":"strings","tabIndex":0},"string-builder":{"id":"string-builder","level":2,"parentId":"strings","tabIndex":1},"string-formatting":{"id":"string-formatting","level":2,"parentId":"strings","tabIndex":2},"basic-projects":{"id":"basic-projects","level":1,"parentId":"java-basics","pages":["calculator","temperature-converter","string-manipulator"],"tabIndex":4},"calculator":{"id":"calculator","level":2,"parentId":"basic-projects","tabIndex":0},"temperature-converter":{"id":"temperature-converter","level":2,"parentId":"basic-projects","tabIndex":1},"string-manipulator":{"id":"string-manipulator","level":2,"parentId":"basic-projects","tabIndex":2},"control-flow":{"id":"control-flow","level":0,"pages":["conditionals","loops","switch-expressions","pattern-matching","control-flow-projects"],"tabIndex":4},"conditionals":{"id":"conditionals","level":1,"parentId":"control-flow","tabIndex":0},"loops":{"id":"loops","level":1,"parentId":"control-flow","tabIndex":1},"switch-expressions":{"id":"switch-expressions","level":1,"parentId":"control-flow","tabIndex":2},"pattern-matching":{"id":"pattern-matching","level":1,"parentId":"control-flow","tabIndex":3},"control-flow-projects":{"id":"control-flow-projects","level":1,"parentId":"control-flow","pages":["number-game","menu-system","state-machine"],"tabIndex":4},"number-game":{"id":"number-game","level":2,"parentId":"control-flow-projects","tabIndex":0},"menu-system":{"id":"menu-system","level":2,"parentId":"control-flow-projects","tabIndex":1},"state-machine":{"id":"state-machine","level":2,"parentId":"control-flow-projects","tabIndex":2},"arrays-collections":{"id":"arrays-collections","level":0,"pages":["arrays","collections-overview","lists","sets","maps","queues","stacks","collections-projects"],"tabIndex":5},"arrays":{"id":"arrays","level":1,"parentId":"arrays-collections","tabIndex":0},"collections-overview":{"id":"collections-overview","level":1,"parentId":"arrays-collections","tabIndex":1},"lists":{"id":"lists","level":1,"parentId":"arrays-collections","tabIndex":2},"sets":{"id":"sets","level":1,"parentId":"arrays-collections","tabIndex":3},"maps":{"id":"maps","level":1,"parentId":"arrays-collections","tabIndex":4},"queues":{"id":"queues","level":1,"parentId":"arrays-collections","tabIndex":5},"stacks":{"id":"stacks","level":1,"parentId":"arrays-collections","tabIndex":6},"collections-projects":{"id":"collections-projects","level":1,"parentId":"arrays-collections","pages":["task-manager","inventory-system","cache-implementation"],"tabIndex":7},"task-manager":{"id":"task-manager","level":2,"parentId":"collections-projects","tabIndex":0},"inventory-system":{"id":"inventory-system","level":2,"parentId":"collections-projects","tabIndex":1},"cache-implementation":{"id":"cache-implementation","level":2,"parentId":"collections-projects","tabIndex":2},"oop-fundamentals":{"id":"oop-fundamentals","level":0,"pages":["classes-objects","encapsulation","inheritance","polymorphism","interfaces-abstract","records","sealed-classes","oop-projects"],"tabIndex":6},"classes-objects":{"id":"classes-objects","level":1,"parentId":"oop-fundamentals","tabIndex":0},"encapsulation":{"id":"encapsulation","level":1,"parentId":"oop-fundamentals","tabIndex":1},"inheritance":{"id":"inheritance","level":1,"parentId":"oop-fundamentals","tabIndex":2},"polymorphism":{"id":"polymorphism","level":1,"parentId":"oop-fundamentals","tabIndex":3},"interfaces-abstract":{"id":"interfaces-abstract","level":1,"parentId":"oop-fundamentals","tabIndex":4},"records":{"id":"records","level":1,"parentId":"oop-fundamentals","tabIndex":5},"sealed-classes":{"id":"sealed-classes","level":1,"parentId":"oop-fundamentals","tabIndex":6},"oop-projects":{"id":"oop-projects","level":1,"parentId":"oop-fundamentals","pages":["banking-system","shape-hierarchy","plugin-system"],"tabIndex":7},"banking-system":{"id":"banking-system","level":2,"parentId":"oop-projects","tabIndex":0},"shape-hierarchy":{"id":"shape-hierarchy","level":2,"parentId":"oop-projects","tabIndex":1},"plugin-system":{"id":"plugin-system","level":2,"parentId":"oop-projects","tabIndex":2},"error-handling":{"id":"error-handling","level":0,"pages":["exceptions","try-catch","custom-exceptions","try-with-resources","error-projects"],"tabIndex":7},"exceptions":{"id":"exceptions","level":1,"parentId":"error-handling","tabIndex":0},"try-catch":{"id":"try-catch","level":1,"parentId":"error-handling","tabIndex":1},"custom-exceptions":{"id":"custom-exceptions","level":1,"parentId":"error-handling","tabIndex":2},"try-with-resources":{"id":"try-with-resources","level":1,"parentId":"error-handling","tabIndex":3},"error-projects":{"id":"error-projects","level":1,"parentId":"error-handling","pages":["validation-system","error-logger","circuit-breaker"],"tabIndex":4},"validation-system":{"id":"validation-system","level":2,"parentId":"error-projects","tabIndex":0},"error-logger":{"id":"error-logger","level":2,"parentId":"error-projects","tabIndex":1},"circuit-breaker":{"id":"circuit-breaker","level":2,"parentId":"error-projects","tabIndex":2},"resources":{"id":"resources","level":0,"pages":["official-docs","books","online-courses","community","tools","cheat-sheets","glossary"],"tabIndex":8},"official-docs":{"id":"official-docs","level":1,"parentId":"resources","tabIndex":0},"books":{"id":"books","level":1,"parentId":"resources","tabIndex":1},"online-courses":{"id":"online-courses","level":1,"parentId":"resources","tabIndex":2},"community":{"id":"community","level":1,"parentId":"resources","tabIndex":3},"tools":{"id":"tools","level":1,"parentId":"resources","tabIndex":4},"cheat-sheets":{"id":"cheat-sheets","level":1,"parentId":"resources","tabIndex":5},"glossary":{"id":"glossary","level":1,"parentId":"resources","tabIndex":6}}},"topLevelIds":["welcome","getting-started","setup","java-basics","control-flow","arrays-collections","oop-fundamentals","error-handling","resources"]}