{"entities":{"pages":{"ugyqhf_2":{"id":"ugyqhf_2","title":"Domus 1","level":0,"pages":["Java","Empty-MD-Topic","3-Estruturas-de-Controle","4-POO","5-Estruturas-de-Dados","6-Excecoes","7-Trabalho-com-Arquivos-de-I-O","8-Conceitos-Avancados","9","10","11-Projeto-Pratico","Conclusoes"],"tabIndex":0},"Java":{"id":"Java","title":"1. Introdução ao Java","url":"java.html","level":1,"parentId":"ugyqhf_2","tabIndex":0},"Empty-MD-Topic":{"id":"Empty-MD-Topic","title":"2. Sintaxe Básica","url":"empty-md-topic.html","level":1,"parentId":"ugyqhf_2","tabIndex":1},"3-Estruturas-de-Controle":{"id":"3-Estruturas-de-Controle","title":"3. Estruturas de Controle","url":"3-estruturas-de-controle.html","level":1,"parentId":"ugyqhf_2","tabIndex":2},"4-POO":{"id":"4-POO","title":"4. POO","url":"4-poo.html","level":1,"parentId":"ugyqhf_2","tabIndex":3},"5-Estruturas-de-Dados":{"id":"5-Estruturas-de-Dados","title":"5. Estruturas de Dados","url":"5-estruturas-de-dados.html","level":1,"parentId":"ugyqhf_2","tabIndex":4},"6-Excecoes":{"id":"6-Excecoes","title":"6. Tratamento de Exceções","url":"6-excecoes.html","level":1,"parentId":"ugyqhf_2","tabIndex":5},"7-Trabalho-com-Arquivos-de-I-O":{"id":"7-Trabalho-com-Arquivos-de-I-O","title":"7. Trabalho com Arquivos de I/O","url":"7-trabalho-com-arquivos-de-i-o.html","level":1,"parentId":"ugyqhf_2","tabIndex":6},"8-Conceitos-Avancados":{"id":"8-Conceitos-Avancados","title":"8. Conceitos Avançados","url":"8-conceitos-avancados.html","level":1,"parentId":"ugyqhf_2","tabIndex":7},"9":{"id":"9","title":"9. Multithreading e Concorrência","url":"9.html","level":1,"parentId":"ugyqhf_2","tabIndex":8},"10":{"id":"10","title":"10. Boas Práticas e Ferramentas Úteis","url":"10.html","level":1,"parentId":"ugyqhf_2","tabIndex":9},"11-Projeto-Pratico":{"id":"11-Projeto-Pratico","title":"11 Projeto Prático","url":"11-projeto-pratico.html","level":1,"parentId":"ugyqhf_2","tabIndex":10},"Conclusoes":{"id":"Conclusoes","title":"12. Conclusão e Próximos Passos","url":"conclusoes.html","level":1,"parentId":"ugyqhf_2","tabIndex":11},"ugyqhf_3":{"id":"ugyqhf_3","title":"Learn JDBC \u0026 Hibernate","url":"https://mrpunkdasilva.github.io/learn-jdbc-and-hibernate/starter-topic.html","level":0,"tabIndex":1},"ugyqhf_4":{"id":"ugyqhf_4","title":"Learn CRUD in Java with MongoDB","url":"https://mrpunkdasilva.github.io/learn-crud-java-mongdb/starter-topic.html","level":0,"tabIndex":2},"Referenrcias":{"id":"Referenrcias","title":"Referências","url":"referenrcias.html","level":0,"tabIndex":3}}},"topLevelIds":["ugyqhf_2","ugyqhf_3","ugyqhf_4","Referenrcias"]}